"USPS","GEOID","ANSICODE","NAME","LSAD","FUNCSTAT","POP10","HU10","ALAND","AWATER","ALAND_SQMI","AWATER_SQMI","INTPTLAT","INTPTLONG"
"NY","3651000","02395220","New York","25","A","8175133","3371062","783842402","429527437","302.643","165.841","40.664274","-73.938500"
"CA","0644000","02410877","Los Angeles","25","A","3792621","1413995","1213850147","88119442","468.670","34.023","34.019394","-118.410825"
"IL","1714000","00428803","Chicago","25","A","2695598","1194337","589571105","16781658","227.635","6.479","41.837551","-87.681844"
"TX","4835000","02410796","Houston","25","A","2099451","892646","1552929379","72277296","599.589","27.906","29.780472","-95.386342"
